<?xml version="1.0" encoding="UTF-8"?>
<modification>
   <id>Olive theme</id>
   <name>Olive theme</name>
   <code>Olive_theme</code>
   <version>1.0.1</version>
   <link>https://madehtml5.github.io/</link>
   <author>https://madehtml5.github.io/</author>
   <file path="catalog/controller/checkout/cart.php|catalog/controller/common/cart.php">
      <operation>
         <search><![CDATA[$this->language->get('text_items')]]></search>
         <add position="replace"><![CDATA[$this->language->get('%s')]]></add>
      </operation>
   </file>
   <file path="catalog/controller/common/header.php">
      <operation>
         <search><![CDATA[$data['name'] = $this->config->get('config_name');]]></search>
         <add position="after"><![CDATA[$data['admin_color_main'] = $this->config->get('admin_color_main');
			$data['admin_second_color'] = $this->config->get('admin_second_color');
			$data['admin_text_color'] = $this->config->get('admin_text_color');
			$data['admin_texthover_color'] = $this->config->get('admin_texthover_color');
			$data['admin_name_color'] = $this->config->get('admin_name_color');
			$data['admin_namehover_color'] = $this->config->get('admin_namehover_color');
			$data['admin_font'] = $this->config->get('admin_font');
			$data['font_admin'] = str_replace("+", " ", $this->config->get('admin_font'));
			$data['admin_custom_css'] = $this->config->get('admin_custom_css');
			$this->load->model('setting/extension');
			$this->load->model('tool/image');
			$this->load->model('catalog/category');
			$this->load->model('catalog/product');
			$data['categories'] = array();
			$categories = $this->model_catalog_category->getCategories(0);
			foreach ($categories as $category) {
			if ($category['top']) {
				if ($category['image']) {
          $image = $this->model_tool_image->resize($category['image'], 30, 30);
        } else {
          $image = $this->model_tool_image->resize('no_image.png', 30, 30);
        }
		$children_data = array();
				$children = $this->model_catalog_category->getCategories($category['category_id']);
			foreach ($children as $child) {
                    $filter_data = array();
                    $filter_data2 = array();
                    $children_data2 = array(); 
                    $children2 = $this->model_catalog_category->getCategories($child['category_id']); 
                    foreach ($children2 as $child2) {
                        $filter_data2 = array(
                            'filter_category_id'  => $child2['category_id'],
                            'filter_sub_category' => true
                        );
                        $children_data2[] = array(
                        'name'  => $child2['name'] . ($this->config->get('config_product_count') ? ' (' . $this->model_catalog_product->getTotalProducts($filter_data2) . ')' : ''),
                        'href'  => $this->url->link('product/category', 'path=' . $category['category_id'] . '_' . $child['category_id'] . '_' . $child2['category_id']),
                        );
                    }
                    $filter_data = array(
                        'filter_category_id'  => $child['category_id'],
                        'filter_sub_category' => true
                    );
                    $children_data[] = array(
                        'name'  => $child['name'] . ($this->config->get('config_product_count') ? ' (' . $this->model_catalog_product->getTotalProducts($filter_data) . ')' : ''),
                        'href'  => $this->url->link('product/category', 'path=' . $category['category_id'] . '_' . $child['category_id']),
                        'children' => $children_data2,
                    );
				}
				$data['categories'][] = array(
				'thumb' => $image,
					'name'     => $category['name'],
					'children' => $children_data,
					'column'   => $category['column'] ? $category['column'] : 1,
					'href'     => $this->url->link('product/category', 'path=' . $category['category_id'])
				);
			}
		}]]></add>
      </operation>
   </file>
   <file path="system/library/cart/cart.php">
      <operation>
         <search><![CDATA[if ($product_discount_query->num_rows) {]]></search>
         <add position="after"><![CDATA[if ((float)$product_discount_query->row['price'] && (float)$product_query->row['price'] && $this->config->get('config_autocalc_option_discount')) {
            $autocalc_discount_coefficient = (float)$product_discount_query->row['price'] / (float)$product_query->row['price'];
            $option_price *= $autocalc_discount_coefficient;
        }]]></add>
      </operation>
      <operation>
         <search><![CDATA[if ($product_special_query->num_rows) {]]></search>
         <add position="after"><![CDATA[if ((float)$product_special_query->row['price'] && (float)$product_query->row['price'] &&  $this->config->get('config_autocalc_option_special')) {
            $autocalc_special_coefficient = (float)$product_special_query->row['price'] / (float)$product_query->row['price'];
            $option_price *= $autocalc_special_coefficient;
        }]]></add>
      </operation>
      <operation>
         <search><![CDATA[if ($product_query->num_rows && ($cart['quantity'] > 0)) {]]></search>
         <add position="after"><![CDATA[$autocalc_override_price = false;
        $autocalc_discount_coefficient = false;
        $autocalc_special_coefficient = false;
        $autocalc_option_prices = array();]]></add>
      </operation>
      <operation>
         <search><![CDATA[if ($option_value_query->row['price_prefix'] == '+') {]]></search>
         <add position="replace"><![CDATA[if (true) {
            if ($option_value_query->row['price_prefix'] == '=') {
                $autocalc_override_price += $option_value_query->row['price'];
            } else {
                $autocalc_option_prices[] = array('prefix' => $option_value_query->row['price_prefix'], 'value' => $option_value_query->row['price']);
            }
        } else 
        if ($option_value_query->row['price_prefix'] == '+') {]]></add>
      </operation>
      <operation>
         <search><![CDATA[$recurring_query = $this->db->query("SELECT]]></search>
         <add position="before"><![CDATA[$option_price = 0;
        if ($autocalc_override_price !== false) {
            $price = 0;
            $option_price = $autocalc_override_price;
        }
        foreach ($autocalc_option_prices as $op) {
            switch ($op['prefix']) {
                case '+':
                    $option_price += $op['value'];
                    break;
                case '-':
                    $option_price -= $op['value'];
                    break;
                case '*':
                    $price *= $op['value'];
                    $option_price *= $op['value'];
                    break;
                case '/':
                    $price /= $op['value'];
                    $option_price /= $op['value'];
                    break;
                case '%':
                    $price *= 1.0 + $op['value'] / 100.0;
                    $option_price *= 1.0 + $op['value'] / 100.0;
                    break;
            }
        }
        if ($autocalc_discount_coefficient !== false) {
            $option_price *= $autocalc_discount_coefficient;
        }
        if ($autocalc_special_coefficient !== false) {
            $option_price *= $autocalc_special_coefficient;
        }]]></add>
      </operation>
   </file>
   <file path="catalog/model/catalog/product.php">
      <operation>
         <search><![CDATA[=> $product_option_value['weight'],]]></search>
         <add position="before"><![CDATA['points'        => $product_option_value['points'],
        'points_prefix' => $product_option_value['points_prefix'],]]></add>
      </operation>
   </file>
   <file path="catalog/controller/product/product.php">
      <operation>
         <search><![CDATA[$data['options'] = array();]]></search>
         <add position="before"><![CDATA[if ($data['price']) {
            $data['price'] = '<span data-value=\'' . $this->tax->calculate($product_info['price'], $product_info['tax_class_id'], $this->config->get('config_tax')) . '\' class=\'autocalc-product-price\'>' . $data['price'] . '</span>';
        }
        if ($data['special']) {
            $data['special'] = '<span data-value=\'' . $this->tax->calculate($product_info['special'], $product_info['tax_class_id'], $this->config->get('config_tax')) . '\' class=\'autocalc-product-special\'>' . $data['special'] . '</span>';
        }
        if ($data['points']) {
            $data['points'] = '<span data-value=\'' . $product_info['points'] . '\' class=\'autocalc-product-points\'>' . $data['points'] . '</span>';
        }
        if ($data['tax']) {
            $data['tax'] = '<span data-value=\'' . (float)($product_info['special'] ? $product_info['special'] : $product_info['price']) . '\' class=\'autocalc-product-tax\'>' . $data['tax'] . '</span>';
        }
        $data['apo_price_value'] = $product_info['price'];
        $data['apo_special_value'] = $product_info['special'];
        $data['apo_tax_value'] = (float)$product_info['special'] ? $product_info['special'] : $product_info['price'];
        $data['apo_points_value'] = $product_info['points'];
        $currency_code = $this->session->data['currency'];
        $data['autocalc_currency'] = array(
            'value'           => (float)$this->currency->getValue($currency_code),
            'symbol_left'     => str_replace("'", "\'", $this->currency->getSymbolLeft($currency_code)),
            'symbol_right'    => str_replace("'", "\'", $this->currency->getSymbolRight($currency_code)),
            'decimals'        => (int)$this->currency->getDecimalPlace($currency_code),
            'decimal_point'   => $this->language->get('decimal_point'),
            'thousand_point'  => $this->language->get('thousand_point'),
        );
        $currency2_code = $this->config->get('config_currency2');
        if ($this->currency->has($currency2_code) && $currency2_code != $currency_code) {
            $currency_code = $currency2_code;
            $data['autocalc_currency2'] = array(
                'value'           => (float)$this->currency->getValue($currency_code),
                'symbol_left'     => str_replace("'", "\'", $this->currency->getSymbolLeft($currency_code)),
                'symbol_right'    => str_replace("'", "\'", $this->currency->getSymbolRight($currency_code)),
                'decimals'        => (int)$this->currency->getDecimalPlace($currency_code),
                'decimal_point'   => $this->language->get('decimal_point'),
                'thousand_point'  => $this->language->get('thousand_point'),
            );
        }
        $data['discounts_raw'] = $discounts;
        $data['tax_class_id'] = $product_info['tax_class_id'];
        $data['tax_rates'] = $this->tax->getRates(0, $product_info['tax_class_id']);
        $data['autocalc_option_special'] = $this->config->get('config_autocalc_option_special');
        $data['autocalc_option_discount'] = $this->config->get('config_autocalc_option_discount');
        $data['autocalc_not_mul_qty'] = $this->config->get('config_autocalc_not_mul_qty');
        $data['autocalc_select_first'] = $this->config->get('config_autocalc_select_first');]]></add>
      </operation>
      <operation>
         <search><![CDATA[$product_option_value_data[] = array(]]></search>
         <add position="before"><![CDATA[if ($price) {
            switch ($option_value['price_prefix']) {
                case '%':
                    $price = ($option_value['price'] > 0 ? '+' : '') . (float)$option_value['price'] . '%';
                    break;
                case '*':
                    $price = '*' . (float)$option_value['price'];
                    break;
                case '/':
                    $price = '/' . (float)$option_value['price'];
                    break;
            }
        }
        if ($this->config->get('config_autocalc_hide_option_price')) $price = false;]]></add>
      </operation>
      <operation>
         <search><![CDATA[$product_option_value_data[] = array(]]></search>
         <add position="after"><![CDATA['apo_price_value'               => $option_value['price'],
        'apo_points_value'              => isset($option_value['points_prefix']) && $option_value['points'] ? intval($option_value['points_prefix'].$option_value['points']) : 0,]]></add>
      </operation>
   </file>
   <file path="admin/view/template/common/footer.twig">
      <operation>
         <search><![CDATA[{{ text_footer }}]]></search>
         <add position="replace"><![CDATA[changed by <a href="https://madehtml5.github.io/" target="_blank" style="color:#ff7361">made <i class="fa fa-html5" font-size:1.25em" aria-hidden="true"></i> me</a>]]></add>
      </operation>
   </file>
   <file path="catalog/controller/common/footer.php">
      <operation>
         <search><![CDATA[public function index() {]]></search>
         <add position="after"><![CDATA[$currency_code = $this->session->data['currency'];
        $data['autocalc_currency'] = array(
            'value'           => (float)$this->currency->getValue($currency_code),
            'symbol_left'     => str_replace("'", "\'", $this->currency->getSymbolLeft($currency_code)),
            'symbol_right'    => str_replace("'", "\'", $this->currency->getSymbolRight($currency_code)),
            'decimals'        => (int)$this->currency->getDecimalPlace($currency_code),
            'decimal_point'   => $this->language->get('decimal_point'),
            'thousand_point'  => $this->language->get('thousand_point'),
        );
        $data['autocalc_option_special'] = $this->config->get('config_autocalc_option_special');
        $data['autocalc_option_discount'] = $this->config->get('config_autocalc_option_discount');
        $data['autocalc_not_mul_qty'] = $this->config->get('config_autocalc_not_mul_qty');
        $data['autocalc_select_first'] = $this->config->get('config_autocalc_select_first');]]></add>
      </operation>
   </file>
   <file path="catalog/controller/{product/*,extension/module/*}.php">
      <operation error="skip">
         <search><![CDATA[$option_price = $this->currency->format]]></search>
         <add position="after"><![CDATA[if ($this->config->get('config_autocalc_hide_option_price')) $option_price = false;]]></add>
      </operation>
      <operation error="skip">
         <search><![CDATA[$price = $this->currency->format($this->tax->calculate($option_value['price']]]></search>
         <add position="after"><![CDATA[if ($this->config->get('config_autocalc_hide_option_price')) $price = false;]]></add>
      </operation>
   </file>
   <file path="catalog/view/theme/*/template/product/product*.twig">
      <operation error="skip">
         <search><![CDATA[{{ option_value['price_prefix'] }}{{ option_value['price'] }}]]></search>
         <add position="replace"><![CDATA[{{ option_value.price_prefix }}{{ option_value.price }}]]></add>
      </operation>
      <operation error="skip">
         <search><![CDATA[{{ option_value.price_prefix }}{{ option_value.price }}]]></search>
         <add position="replace"><![CDATA[{% if option_value.price_prefix == '+' or option_value.price_prefix == '-' %}{{ option_value.price_prefix }}{% endif %}{{ option_value.price }}]]></add>
      </operation>
      <operation error="skip">
         <search><![CDATA[value="{{ option_value.product_option_value_id }}"]]></search>
         <add position="replace"><![CDATA[value="{{ option_value.product_option_value_id }}" data-points="{{ option_value.apo_points_value }}" data-prefix="{{ option_value.price_prefix }}" data-price="{{ option_value.apo_price_value }}"]]></add>
      </operation>
      <operation error="skip">
         <search><![CDATA[{{option_value.price_prefix}}{{option_value.price}}]]></search>
         <add position="replace"><![CDATA[{% if option_value.price_prefix == '+' or option_value.price_prefix == '-' %}{{ option_value.price_prefix }}{% endif %}{{ option_value.price }}]]></add>
      </operation>
      <operation error="skip">
         <search><![CDATA[value="{{option_value.product_option_value_id}}"]]></search>
         <add position="replace"><![CDATA[value="{{ option_value.product_option_value_id }}" data-points="{{ option_value.apo_points_value }}" data-prefix="{{ option_value.price_prefix }}" data-price="{{ option_value.apo_price_value }}"]]></add>
      </operation>
      <operation error="skip">
         <search><![CDATA[value="{{ option_value['product_option_value_id'] }}"]]></search>
         <add position="replace"><![CDATA[value="{{ option_value['product_option_value_id'] }}" data-points="{{ option_value.apo_points_value }}" data-prefix="{{ option_value.price_prefix }}" data-price="{{ option_value.apo_price_value }}"]]></add>
      </operation>
   </file>
   <file path="catalog/controller/product/{category,manufacturer,special,search}*.php">
      <operation>
         <search><![CDATA[$data['products'][] = array(]]></search>
         <add position="before"><![CDATA[$image_results = $this->model_catalog_product->getProductImages($result['product_id']);

				if ($image_results) {
					$image2 = $this->model_tool_image->resize($image_results[0]['image'], $this->config->get('theme_' . $this->config->get('config_theme') . '_image_product_width'), $this->config->get('theme_' . $this->config->get('config_theme') . '_image_product_height'));
				} else {
					$image2 = false;
			    }]]></add>
      </operation>
      <operation>
         <search><![CDATA['thumb'       => $image,]]></search>
         <add position="after"><![CDATA['thumb2'       => $image2,
		 'attribute_groups' => $this->model_catalog_product->getProductAttributes($result['product_id']),]]></add>
      </operation>
      <operation>
         <search><![CDATA[$this->load->model('tool/image');]]></search>
         <add position="after"><![CDATA[$this->language->load('product/product');]]></add>
      </operation>
   </file>
   <file path="catalog/controller/extension/module/{bestseller,latest,special}*.php">
      <operation>
         <search><![CDATA[$data['products'][] = array(]]></search>
         <add position="before"><![CDATA[$image_results = $this->model_catalog_product->getProductImages($result['product_id']);

				if ($image_results) {
					$image2 = $this->model_tool_image->resize($image_results[0]['image'], $setting['width'], $setting['height']);
				} else {
					$image2 = false;
			    }]]></add>
      </operation>
      <operation>
         <search><![CDATA['thumb'       => $image,]]></search>
         <add position="after"><![CDATA['thumb2'       => $image2,
		 'attribute_groups' => $this->model_catalog_product->getProductAttributes($result['product_id']),]]></add>
      </operation>
      <operation>
         <search><![CDATA[$this->load->model('tool/image');]]></search>
         <add position="after"><![CDATA[$this->language->load('product/product');]]></add>
      </operation>
   </file>
   <file path="catalog/controller/extension/module/featured.php">
      <operation>
         <search><![CDATA[$data['products'][] = array(]]></search>
         <add position="before"><![CDATA[$image_results = $this->model_catalog_product->getProductImages($product_info['product_id']);

				if ($image_results) {
					$image2 = $this->model_tool_image->resize($image_results[0]['image'], $setting['width'], $setting['height']);
				} else {
					$image2 = false;
			    }]]></add>
      </operation>
      <operation>
         <search><![CDATA['thumb'       => $image,]]></search>
         <add position="after"><![CDATA['thumb2'       => $image2,
		 'attribute_groups' => $this->model_catalog_product->getProductAttributes($product_info['product_id']),]]></add>
      </operation>
      <operation>
         <search><![CDATA[$this->load->model('tool/image');]]></search>
         <add position="after"><![CDATA[$this->language->load('product/product');]]></add>
      </operation>
   </file>
   	<file path="catalog/controller/common/home.php">
	<operation>
      <search>
      <![CDATA[public function index() {]]>
      </search>
	   <add position="after">
        <![CDATA[		
		$data['language'] = $this->load->controller('common/language');
		$data['lang'] = $this->config->get('config_language_id');
		$data['admin_homeslide_status'] = $this->config->get('admin_homeslide_status');
		$data['admin_homeslidestatus_status'] = $this->config->get('admin_homeslidestatus_status');
		$data['admin_catwallitem1_status'] = $this->config->get('admin_catwallitem1_status');
		$data['admin_catwallitemtype1_status'] = $this->config->get('admin_catwallitemtype1_status');
		$data['admin_catwallitem1_img'] = $this->config->get('admin_catwallitem1_img');
		$data['admin_catwallitem1_link'] = $this->config->get('admin_catwallitem1_link');
		$data['admin_catwallitem1_text'] = $this->config->get('admin_catwallitem1_text');
		$data['admin_catwallitem2_status'] = $this->config->get('admin_catwallitem2_status');
		$data['admin_catwallitemtype2_status'] = $this->config->get('admin_catwallitemtype2_status');
		$data['admin_catwallitem2_img'] = $this->config->get('admin_catwallitem2_img');
		$data['admin_catwallitem2_link'] = $this->config->get('admin_catwallitem2_link');
		$data['admin_catwallitem2_text'] = $this->config->get('admin_catwallitem2_text');
		$data['admin_catwallitem3_status'] = $this->config->get('admin_catwallitem3_status');
		$data['admin_catwallitemtype3_status'] = $this->config->get('admin_catwallitemtype3_status');
		$data['admin_catwallitem3_img'] = $this->config->get('admin_catwallitem3_img');
		$data['admin_catwallitem3_link'] = $this->config->get('admin_catwallitem3_link');
		$data['admin_catwallitem3_text'] = $this->config->get('admin_catwallitem3_text');
		$data['admin_catwallitem4_status'] = $this->config->get('admin_catwallitem4_status');
		$data['admin_catwallitemtype4_status'] = $this->config->get('admin_catwallitemtype4_status');
		$data['admin_catwallitem4_img'] = $this->config->get('admin_catwallitem4_img');
		$data['admin_catwallitem4_link'] = $this->config->get('admin_catwallitem4_link');
		$data['admin_catwallitem4_text'] = $this->config->get('admin_catwallitem4_text');
		$data['admin_catwallitem5_status'] = $this->config->get('admin_catwallitem5_status');
		$data['admin_catwallitemtype5_status'] = $this->config->get('admin_catwallitemtype5_status');
		$data['admin_catwallitem5_img'] = $this->config->get('admin_catwallitem5_img');
		$data['admin_catwallitem5_link'] = $this->config->get('admin_catwallitem5_link');
		$data['admin_catwallitem5_text'] = $this->config->get('admin_catwallitem5_text');
		$data['admin_catwallitem6_status'] = $this->config->get('admin_catwallitem6_status');
		$data['admin_catwallitemtype6_status'] = $this->config->get('admin_catwallitemtype6_status');
		$data['admin_catwallitem6_img'] = $this->config->get('admin_catwallitem6_img');
		$data['admin_catwallitem6_link'] = $this->config->get('admin_catwallitem6_link');
		$data['admin_catwallitem6_text'] = $this->config->get('admin_catwallitem6_text');
		$data['admin_homeslide_img'] = $this->config->get('admin_homeslide_img');
		$data['admin_homeslide_text_status'] = $this->config->get('admin_homeslide_text_status');
		$data['admin_homeslide_title_link'] = $this->config->get('admin_homeslide_title_link');
		$data['admin_homeslide_title'] = $this->config->get('admin_homeslide_title');
		$data['admin_homeslide_text'] = $this->config->get('admin_homeslide_text');
		$data['admin_underslide_status'] = $this->config->get('admin_underslide_status');
		$data['admin_underslideleft1_img'] = $this->config->get('admin_underslideleft1_img');
		$data['admin_underslideleft1_text'] = $this->config->get('admin_underslideleft1_text');
		$data['admin_underslideleft2_img'] = $this->config->get('admin_underslideleft2_img');
		$data['admin_underslideleft2_text'] = $this->config->get('admin_underslideleft2_text');
		$data['admin_underslide_img'] = $this->config->get('admin_underslide_img');
		$data['admin_underslideright1_img'] = $this->config->get('admin_underslideright1_img');
		$data['admin_underslideright1_text'] = $this->config->get('admin_underslideright1_text');
		$data['admin_underslideright2_img'] = $this->config->get('admin_underslideright2_img');
		$data['admin_underslideright2_text'] = $this->config->get('admin_underslideright2_text');
		$data['admin_map_status'] = $this->config->get('admin_map_status');
		$data['admin_map_img'] = $this->config->get('admin_map_img');
		$data['admin_map_text1'] = $this->config->get('admin_map_text1');
		$data['admin_map_text2'] = $this->config->get('admin_map_text2');
		$data['admin_map_text3'] = $this->config->get('admin_map_text3');
		$data['admin_map_text4'] = $this->config->get('admin_map_text4');
		$data['admin_map_text5'] = $this->config->get('admin_map_text5');
			]]>
      </add>
    </operation>  
	</file>
	 	<file path="catalog/controller/common/footer.php">
	<operation>
      <search>
      <![CDATA[public function index() {]]>
      </search>
	   <add position="after">
        <![CDATA[		
		$data['language'] = $this->load->controller('common/language');
		$data['lang'] = $this->config->get('config_language_id');
		$data['admin_map_text1'] = $this->config->get('admin_map_text1');
		$data['admin_map_text2'] = $this->config->get('admin_map_text2');
		$data['admin_map_text3'] = $this->config->get('admin_map_text3');
		$data['admin_map_text4'] = $this->config->get('admin_map_text4');
		$data['admin_map_text5'] = $this->config->get('admin_map_text5');
		$data['admin_footerlink1_status'] = $this->config->get('admin_footerlink1_status');
		$data['admin_footerlink2_status'] = $this->config->get('admin_footerlink2_status');
		$data['admin_footerlink3_status'] = $this->config->get('admin_footerlink3_status');
		$data['admin_footerlink4_status'] = $this->config->get('admin_footerlink4_status');
		$data['admin_footerlink5_status'] = $this->config->get('admin_footerlink5_status');
		$data['admin_footerpay1_status'] = $this->config->get('admin_footerpay1_status');
		$data['admin_footerpay2_status'] = $this->config->get('admin_footerpay2_status');
		$data['admin_footerpay3_status'] = $this->config->get('admin_footerpay3_status');
		$data['admin_footerpay4_status'] = $this->config->get('admin_footerpay4_status');
		$data['admin_footerpay5_status'] = $this->config->get('admin_footerpay5_status');
		$data['admin_footertext_status'] = $this->config->get('admin_footertext_status');
		$data['admin_footerlink1_img'] = $this->config->get('admin_footerlink1_img');
		$data['admin_footerlink2_img'] = $this->config->get('admin_footerlink2_img');
		$data['admin_footerlink3_img'] = $this->config->get('admin_footerlink3_img');
		$data['admin_footerlink4_img'] = $this->config->get('admin_footerlink4_img');
		$data['admin_footerlink5_img'] = $this->config->get('admin_footerlink5_img');
		$data['admin_footerlink1_text'] = $this->config->get('admin_footerlink1_text');
		$data['admin_footerlink2_text'] = $this->config->get('admin_footerlink2_text');
		$data['admin_footerlink3_text'] = $this->config->get('admin_footerlink3_text');
		$data['admin_footerlink4_text'] = $this->config->get('admin_footerlink4_text');
		$data['admin_footerlink5_text'] = $this->config->get('admin_footerlink5_text');
		$data['admin_footerpay1_img'] = $this->config->get('admin_footerpay1_img');
		$data['admin_footerpay2_img'] = $this->config->get('admin_footerpay2_img');
		$data['admin_footerpay3_img'] = $this->config->get('admin_footerpay3_img');
		$data['admin_footerpay4_img'] = $this->config->get('admin_footerpay4_img');
		$data['admin_footerpay5_img'] = $this->config->get('admin_footerpay5_img');
		$data['admin_footertext_img'] = $this->config->get('admin_footertext_img');
			]]>
      </add>
    </operation>  
	</file>
</modification>